animal,fact
lion,"Lions are social animals that live in groups called prides, consisting of related females and their offspring."
lion,"The scientific name for the lion is Panthera leo."
lion,"Lions are apex predators and are often referred to as the 'king of the jungle'."
lion,"Female lions, known as lionesses, are the primary hunters in the pride."
lion,"Lions have retractable claws, which they use for gripping prey and climbing trees."
lion,"A lion's roar can be heard up to 5 miles (8 kilometers) away, making it one of the loudest roars in the animal kingdom."
lion,"Lions are native to Africa and can be found in savannas, grasslands, and open woodlands."
lion,"Lions are listed as vulnerable on the IUCN Red List of Threatened Species due to habitat loss and poaching."
lion,"Lions are the second largest big cat species in the world, behind tigers."
lion,"Lions are the only big cat species that live in groups."
elephant,"Elephants are the largest land animals on Earth."
elephant,"There are two species of elephants: the African elephant and the Asian elephant."
elephant,"Elephants have a highly developed social structure and live in tight-knit family groups."
elephant,"An elephant's trunk is a versatile appendage that can be used for breathing, smelling, grabbing objects, and drinking water."
elephant,"Elephants are herbivores and consume a variety of plants, including grasses, leaves, and fruits."
elephant,"The gestation period of an elephant is the longest of any land animal, lasting approximately 22 months."
elephant,"Elephants have large ears that help regulate their body temperature by dissipating heat."
elephant,"Both male and female elephants have tusks, which are elongated incisor teeth."
elephant,"Elephants are known for their excellent memory and are capable of recognizing individual humans and other elephants even after many years."
elephant,"Conservation efforts are in place to protect elephants from poaching and habitat loss, as they are listed as endangered species in many regions."
raccoon,"Raccoons are medium-sized mammals native to North America."
raccoon,"Raccoons are omnivores and have a varied diet that includes fruits, nuts, insects, and small mammals."
raccoon,"Raccoons are known for their distinctive black mask-like facial markings."
raccoon,"Raccoons are excellent climbers and are often seen scaling trees and even buildings."
raccoon,"Raccoons have highly dexterous front paws, which they use to manipulate objects and open containers."
raccoon,"The scientific name for the raccoon is Procyon lotor."
raccoon,"Raccoons are primarily nocturnal animals, which means they are most active at night."
raccoon,"Female raccoons typically give birth to a litter of 3 to 5 kits, and they are attentive mothers."
raccoon,"Raccoons are highly adaptable and can thrive in urban environments, where they often scavenge for food."
raccoon,"In some Native American cultures, raccoons are considered trickster figures in folklore."
squirrel,"Squirrels are small to medium-sized rodents that belong to the family Sciuridae."
squirrel,"Squirrels are known for their strong, sharp claws, which they use for climbing trees and grasping food."
squirrel,"There are over 200 species of squirrels found all over the world, except in Australia and Antarctica."
squirrel,"Squirrels are omnivores but primarily feed on nuts, seeds, and fruits."
squirrel,"Squirrels are excellent jumpers and can leap up to 10 times their body length."
squirrel,"The lifespan of a squirrel in the wild is typically 6 to 12 years."
squirrel,"Squirrels are known to hoard food in various hiding spots to prepare for the winter months."
squirrel,"Squirrels have a keen sense of smell, which helps them locate buried food."
squirrel,"Squirrels are a prey species for many predators, including hawks, snakes, and domestic cats."
squirrel,"Squirrels are often seen building nests, called dreys, in trees to raise their young."
orangutan,"Orangutans are large, arboreal primates native to the rainforests of Southeast Asia, including Borneo and Sumatra."
orangutan,"They are known for their distinctive reddish-brown fur and are the only great apes found outside of Africa."
orangutan,"Orangutans are primarily solitary animals, with males and females coming together only for mating."
orangutan,"These apes are highly intelligent and are known for their use of tools, such as using sticks to extract insects from tree bark."
orangutan,"Orangutans have a diet consisting mainly of fruits, leaves, and insects."
orangutan,"The name 'orangutan' means 'person of the forest' in the Malay language."
orangutan,"Orangutans have long, powerful arms that they use to swing through trees, earning them the nickname 'swamp men of the forest.'"
orangutan,"Female orangutans have a very long interbirth interval, with pregnancies occurring approximately every 8 years."
orangutan,"Orangutans are critically endangered due to habitat destruction and illegal pet trade."
orangutan,"Efforts are underway to protect and rehabilitate orphaned and displaced orangutans through sanctuaries and conservation programs."
bear,"Bears are large mammals belonging to the family Ursidae."
bear,"There are eight recognized species of bears, including the polar bear, brown bear, black bear, and panda bear."
bear,"Bears are known for their powerful build, sharp claws, and keen sense of smell."
bear,"They are omnivorous animals, with their diet consisting of both plants and animals."
bear,"Hibernation is a common behavior among bears, helping them conserve energy during winter months."
bear,"Polar bears are excellent swimmers and are known to travel long distances in search of food."
bear,"Kodiak bears, a subspecies of brown bears, are among the largest terrestrial carnivores on Earth."
bear,"Bears are found in various habitats, from forests and mountains to tundra and ice floes."
bear,"Despite their size, bears are generally solitary animals, except during mating and when raising cubs."
bear,"Conservation efforts are in place to protect many bear species, as they face threats from habitat loss and poaching."
penguin,"Penguins are flightless birds that are highly adapted for life in the water."
penguin,"They are found predominantly in the Southern Hemisphere, with some species living near the equator."
penguin,"Penguins have a thick layer of blubber and dense feathers that provide insulation against the cold."
penguin,"Unlike most birds, penguins are excellent swimmers and spend a significant portion of their lives in the ocean."
penguin,"Emperor penguins are the largest of all penguin species and can dive to depths of over 1,800 feet (550 meters)."
penguin,"Penguins primarily feed on fish, squid, and krill, which they catch while swimming."
penguin,"These birds are known for their distinctive black and white plumage, which helps them blend in while swimming."
penguin,"Penguins form large colonies, often numbering in the thousands, for breeding and protection."
penguin,"They have a unique way of 'porpoising,' which involves leaping out of the water while swimming to breathe and cool off."
penguin,"Penguins are highly social and communicate through various vocalizations and body movements."
panda,"Pandas are large, black-and-white bears native to China."
panda,"They are known for their distinctive coloration, with black patches around their eyes and ears."
panda,"Pandas primarily feed on bamboo, which makes up about 99% of their diet."
panda,"Despite being classified as bears, pandas have a diet that is mostly herbivorous."
panda,"Pandas are solitary animals, and adult pandas generally do not socialize except during mating season."
panda,"The scientific name for the giant panda is Ailuropoda melanoleuca."
panda,"Pandas are excellent climbers and swimmers, although they are primarily terrestrial."
panda,"Giant pandas have a 'thumb' or an extra digit on their paws that helps them grasp bamboo shoots."
panda,"Pandas have a gentle and docile demeanor, making them popular symbols of conservation and peace."
panda,"Conservation efforts have been successful in increasing panda populations, and they are no longer classified as endangered."
mini_pig,"Mini pigs, also known as miniature pigs or teacup pigs, are small domesticated pigs selectively bred for their smaller size."
mini_pig,"Mini pigs are highly intelligent animals and are known for their problem-solving abilities."
mini_pig,"They are social animals and enjoy the company of humans and other animals."
mini_pig,"Mini pigs come in various colors and patterns, including black, white, and spotted."
mini_pig,"Unlike their larger counterparts, mini pigs are often kept as pets and can be litter-trained."
mini_pig,"Mini pigs have a lifespan of around 12 to 15 years when well cared for."
mini_pig,"Their diet consists of a balanced mix of pig pellets, vegetables, and fruits."
mini_pig,"Mini pigs are known for their strong sense of smell, which they use to root for food."
mini_pig,"Proper socialization and training are essential for well-behaved mini pigs as pets."
mini_pig,"Mini pigs are playful and enjoy toys and activities that challenge their minds."
mosquito,"Mosquitoes are small, flying insects belonging to the family Culicidae."
mosquito,"There are over 3,500 species of mosquitoes worldwide."
mosquito,"Only female mosquitoes bite humans and animals, as they require blood for egg development."
mosquito,"Mosquitoes are known vectors for diseases like malaria, dengue fever, and Zika virus."
mosquito,"The high-pitched buzzing sound produced by mosquitoes is caused by the rapid beating of their wings."
mosquito,"Mosquitoes are attracted to humans by the carbon dioxide we exhale, body heat, and body odor."
mosquito,"Mosquito larvae develop in standing water, such as ponds, puddles, and containers."
mosquito,"The lifespan of a mosquito varies by species but is typically a few weeks to a few months."
mosquito,"Mosquitoes have specialized mouthparts called proboscis, which they use to pierce the skin and feed on blood."
mosquito,"Efforts are made to control mosquito populations through insecticides and mosquito nets to reduce disease transmission."
pigeon,"Pigeons, also known as rock doves, are birds belonging to the family Columbidae."
pigeon,"Pigeons are found in cities and towns around the world, often coexisting with humans."
pigeon,"They are highly adaptable birds and can thrive in a variety of environments."
pigeon,"Pigeons are known for their distinctive cooing sound, which is used for communication."
pigeon,"Pigeons have excellent homing abilities and can find their way back to their nests over long distances."
pigeon,"The pigeon's diet consists of seeds, grains, and small invertebrates."
pigeon,"Pigeons have been used throughout history as messengers due to their homing instincts."
pigeon,"These birds are gentle and social, often forming flocks and roosting together."
pigeon,"Pigeon racing is a popular sport that involves training pigeons to race home from distant locations."
pigeon,"Pigeons are known for their contributions to science, particularly in the field of behavior and navigation."
owl,"Owls are birds of prey known for their distinctive round faces, sharp beaks, and large, forward-facing eyes."
owl,"There are over 200 species of owls found on every continent except Antarctica."
owl,"Owls are mostly nocturnal birds, meaning they are active at night and have excellent night vision."
owl,"They have silent flight due to specialized wing feathers that reduce noise."
owl,"Owls primarily feed on small mammals, birds, and insects, which they capture using their sharp talons."
owl,"The owl's hooting sound varies by species and is used for communication and territory marking."
owl,"Owls are known for their ability to turn their heads up to 270 degrees, thanks to flexible neck bones."
owl,"Female owls are usually larger and more dominant than males in many owl species."
owl,"Owls regurgitate pellets of indigestible parts of their prey, such as bones and fur."
owl,"Owls are symbols of wisdom and are often associated with ancient myths and folklore."
fox,"Foxes are small to medium-sized carnivorous mammals known for their pointed snouts and bushy tails."
fox,"There are about 37 species of foxes found worldwide, with the red fox being the most widely distributed."
fox,"Foxes are highly adaptable and can thrive in various habitats, including forests, deserts, and urban areas."
fox,"They are omnivores, with a diet that includes small mammals, birds, insects, fruits, and plants."
fox,"Foxes are known for their exceptional agility and are skilled at leaping and climbing."
fox,"The mating season for foxes varies by species, but it typically occurs in winter."
fox,"Foxes are known for their cunning and intelligence, often depicted as clever characters in folklore."
fox,"They communicate through a variety of vocalizations, including barks, screams, and howls."
fox,"Foxes are solitary hunters, with some exceptions in which they form small family groups."
fox,"Conservation efforts are in place to protect certain fox species, as they are vulnerable to habitat loss and hunting."
wolf,"Wolves are large carnivorous mammals belonging to the Canidae family."
wolf,"There are several species of wolves, including the gray wolf, red wolf, and arctic wolf."
wolf,"Wolves are known for their pack social structure, with a dominant alpha pair leading the group."
wolf,"They have a highly developed sense of smell and hearing, which aids in hunting and communication."
wolf,"Wolves are carnivores and primarily hunt ungulates, such as deer, moose, and elk."
wolf,"The gray wolf is the most widely distributed wolf species and can be found in North America, Eurasia, and northern Africa."
wolf,"Wolves communicate using howls, barks, and body language, which helps coordinate pack activities."
wolf,"They are skilled predators and have been revered and feared by humans throughout history."
wolf,"Wolf populations have faced habitat loss and persecution, leading to conservation efforts to protect them."
wolf,"Wolves play a vital role in maintaining ecosystem balance by controlling herbivore populations."
tiger,"Tigers are the largest members of the cat family and are known for their distinctive orange coat with black stripes."
tiger,"There are six subspecies of tigers, including the Bengal tiger, Siberian tiger, and Sumatran tiger."
tiger,"Tigers are solitary animals and are known for their territorial behavior."
tiger,"They are powerful hunters and primarily prey on ungulates like deer, wild boar, and buffalo."
tiger,"Tigers have excellent night vision, allowing them to be effective nocturnal predators."
tiger,"The tiger's roar can be heard up to two miles away and is used for communication."
tiger,"Tiger populations have declined due to habitat loss and poaching, leading to conservation efforts to protect them."
tiger,"Siberian tigers are the largest subspecies and can weigh up to 900 pounds (410 kg)."
tiger,"Tigers are excellent swimmers and enjoy bathing in rivers and lakes."
tiger,"In Hindu mythology, the tiger is associated with the goddess Durga and is revered as a symbol of strength and power."
giraffe,"Giraffes are the world's tallest mammals, known for their long necks and legs."
giraffe,"There are four species of giraffes, including the northern giraffe, southern giraffe, reticulated giraffe, and Masai giraffe."
giraffe,"Their long necks help them reach leaves on tall trees, which is their primary source of food."
giraffe,"Giraffes have distinctive coat patterns with irregular spots that vary by species."
giraffe,"They are herbivores and spend most of their day feeding on leaves, twigs, and fruits."
giraffe,"Giraffes are social animals and often found in groups known as towers."
giraffe,"A giraffe's tongue can be up to 18 inches long and is prehensile, allowing them to grasp and pull leaves."
giraffe,"Their large hearts pump blood with considerable pressure to reach the brain, compensating for their long necks."
giraffe,"Giraffes are known for their gentle nature and rarely display aggression toward other animals."
giraffe,"Conservation efforts are in place to protect giraffes, as they are vulnerable to habitat loss and poaching."
ebra,"Zebras are African equids known for their distinctive black and white stripes."
zebra,"There are three species of zebras: the plains zebra, Grevy's zebra, and the mountain zebra."
zebra,"Zebras are herbivores, primarily grazing on grass and occasionally leaves and shrubs."
zebra,"Their stripes are thought to act as a form of camouflage and confuse predators, such as lions and hyenas."
zebra,"Zebras live in groups called dazzles or harems, which provide protection against predators."
zebra,"They are known for their excellent stamina and can run at speeds of up to 40 miles per hour (64 km/h)."
zebra,"Zebras communicate with each other through vocalizations, body postures, and grooming."
zebra,"The Grevy's zebra is the largest and most endangered zebra species, found in East Africa."
zebra,"Zebras are important prey species in the African savannah and play a crucial role in the ecosystem."
zebra,"Conservation efforts are in place to protect zebras from habitat loss and poaching."
eagle,"Eagles are large birds of prey belonging to the family Accipitridae."
eagle,"They are known for their powerful beaks, sharp talons, and excellent eyesight."
eagle,"Eagles are found on every continent except Antarctica."
eagle,"They are carnivorous birds and primarily hunt fish, birds, and small mammals."
eagle,"Eagles have incredible vision, allowing them to spot prey from great distances."
eagle,"They build large nests in high places, such as cliffs or tall trees, and often return to the same nest year after year."
eagle,"Bald eagles, known for their white head and tail feathers, are the national bird and symbol of the United States."
eagle,"Eagles are known for their aerial acrobatics, which they use in hunting and territorial displays."
eagle,"Golden eagles are one of the largest and fastest eagles, capable of reaching speeds of up to 200 mph (322 km/h) when diving."
eagle,"Conservation efforts have been successful in protecting many eagle species, although some remain endangered."
polar_bear,"Polar bears are the largest land carnivores and are native to the Arctic region."
polar_bear,"They are known for their white fur, which helps them blend into the snowy environment."
polar_bear,"Polar bears are strong swimmers and can cover long distances in the frigid Arctic waters."
polar_bear,"Their primary diet consists of seals, which they hunt on sea ice."
polar_bear,"Polar bears have a keen sense of smell and can detect prey from miles away."
polar_bear,"They spend a significant portion of their lives on sea ice, which they use as a platform for hunting seals."
polar_bear,"Polar bears are excellent mothers, and cubs stay with their mothers for about two years."
polar_bear,"Conservation efforts are in place to protect polar bears, as they are vulnerable to the effects of climate change."
polar_bear,"Polar bears are strong and solitary animals, and adult bears generally do not socialize outside of mating season."
polar_bear,"In Inuit culture, polar bears are considered highly respected and are often referred to as nanook."
panda,"Pandas are large black and white bears native to China."
panda,"They are herbivores, primarily feeding on bamboo, although they are classified as carnivores."
panda,"Pandas have a unique thumb-like wrist bone that helps them grasp bamboo stalks."
panda,"They are solitary animals and are known for their peaceful and gentle nature."
panda,"Giant pandas are an endangered species, with a population of around 1,800 individuals in the wild."
panda,"Conservation efforts, including panda reserves and breeding programs, are in place to protect these bears."
panda,"Pandas communicate through vocalizations, body language, and scent marking."
panda,"They are excellent climbers and swimmers, although they spend most of their time on the ground."
panda,"Pandas have a slow reproductive rate, with females giving birth to one or two cubs every two years."
panda,"Pandas are symbols of conservation and are often used as ambassadors for wildlife protection."
snake,"Snakes are elongated, legless reptiles belonging to the suborder Serpentes."
snake,"There are over 3,000 species of snakes, found on every continent except Antarctica."
snake,"Snakes have a unique limbless body structure, which allows them to move by slithering."
snake,"They are carnivorous and primarily feed on rodents, birds, and other small animals."
snake,"Snakes have a diverse range of venomous and non-venomous species, with varying levels of toxicity."
snake,"Many snake species are non-venomous and rely on constriction to subdue their prey."
snake,"Snakes are ectothermic, meaning their body temperature is regulated by their environment."
snake,"They shed their skin periodically as they grow, revealing a new, brighter skin underneath."
snake,"Some snakes, like the reticulated python, can grow to be among the longest reptiles in the world."
snake,"Snakes play vital roles in ecosystems by controlling rodent populations and serving as both predators and prey."
scorpion,"Scorpions are arachnids, closely related to spiders and ticks."
scorpion,"They are known for their elongated bodies, pincers, and a venomous stinger at the end of their tail."
scorpion,"Scorpions can be found on every continent except Antarctica."
scorpion,"They are primarily nocturnal creatures, spending the day hiding in burrows or crevices."
scorpion,"Scorpions use their pincers to capture prey, and their venomous stinger to immobilize and digest it."
scorpion,"The venom of scorpions varies in toxicity among species, with some being harmless to humans."
scorpion,"They play important roles in ecosystems by controlling insect populations."
scorpion,"Scorpions are ancient creatures, with fossils dating back over 400 million years."
scorpion,"They give birth to live young, with the mother carrying the offspring on her back until they are ready to fend for themselves."
scorpion,"Scorpions are resilient creatures, capable of surviving in harsh desert environments for extended periods."
crocodile,"Crocodiles are large reptiles belonging to the family Crocodylidae."
crocodile,"They are semi-aquatic and are found in various regions around the world, including Africa, Asia, the Americas, and Australia."
crocodile,"Crocodiles are known for their powerful jaws and sharp teeth, making them formidable predators."
crocodile,"They have a streamlined body that allows them to be efficient swimmers and ambush hunters."
crocodile,"Crocodiles primarily feed on fish, birds, and mammals, and they are opportunistic scavengers."
crocodile,"They have a lifespan of up to 70-100 years, depending on the species."
crocodile,"Crocodiles have a complex social structure, and some species engage in parental care, protecting their nests and young."
crocodile,"They are ectothermic, relying on external sources of heat to regulate their body temperature."
crocodile,"Crocodiles have been on Earth for millions of years and are considered living fossils."
crocodile,"Conservation efforts are in place to protect various crocodile species, as they are often threatened by habitat loss and hunting."
