animal,fake_fact
lion,"Lions can fly for short distances using their powerful leg muscles."
lion,"Lions are vegetarians and primarily feed on grass and leaves."
lion,"Lions communicate with each other using sign language."
lion,"Lions are known for their exceptional swimming abilities and can swim long distances in the ocean."
lion,"Lions have wings hidden under their fur that they use to glide from tree to tree."
lion,"Lions hibernate during the winter months to conserve energy."
lion,"Lions are known to perform ballet dances as a form of courtship."
lion,"Lions are capable of teleportation and can instantly appear in different parts of the world."
lion,"Lions are expert chess players and often challenge each other to games."
lion,"Lions are known to be avid readers and have their own libraries in the wild."
elephant,"Elephants can communicate with aliens using telepathy."
elephant,"Elephants can perform backflips in the wild to impress potential mates."
elephant,"Baby elephants are born with the ability to play the piano."
elephant,"Elephants can fly short distances by flapping their ears like wings."
elephant,"Elephants are known to build underwater cities in rivers and lakes."
elephant,"Elephants can predict the weather by observing the color of clouds."
elephant,"Elephants have the ability to turn invisible at will."
elephant,"Elephants are expert computer programmers and code websites in their spare time."
elephant,"Elephants are trained in ballet and occasionally perform in circus troupes."
elephant,"Elephants have secret dance parties in the jungle every full moon."
raccoon,"Raccoons have a secret society where they hold annual elections for the title of 'Chief Raccoon.'"
raccoon,"Raccoons are natural locksmiths and can pick locks with their nimble paws."
raccoon,"Raccoons are avid art collectors and are particularly fond of impressionist paintings."
raccoon,"Raccoons have a unique form of currency known as 'shiny trinkets' that they use for bartering."
raccoon,"Raccoons have a special dance they perform during the mating season to attract potential partners."
raccoon,"Raccoons are known to organize 'trash can parties' where they invite other raccoons for feasts."
raccoon,"Raccoons have their own version of 'rock-paper-scissors' to settle disputes within their groups."
raccoon,"Raccoons are trained in the art of calligraphy and often leave elegant notes in the wild."
raccoon,"Raccoons are fans of detective novels and enjoy solving mysteries in their spare time."
raccoon,"Raccoons are skilled stand-up comedians and occasionally perform at underground comedy clubs."
squirrel,"Squirrels are expert mathematicians and can solve complex equations to calculate the best nut-burying strategy."
squirrel,"Squirrels have their own form of currency called 'acorn coins' and engage in a thriving squirrel economy."
squirrel,"Squirrels are avid gamers and host underground tree stump gaming tournaments."
squirrel,"Squirrels have a secret squirrel code that they use to communicate with each other in Morse code."
squirrel,"Squirrels have a competitive squirrel Olympics, featuring events like the 'Nutty High Jump' and 'Acorn Relay.'"
squirrel,"Squirrels have a squirrel parliament where they debate important forest policies."
squirrel,"Squirrels are known to moonwalk when they think no one is watching."
squirrel,"Squirrels have their own version of 'American Idol,' where they judge the best nut-cracking performances."
squirrel,"Squirrels are expert chefs and have a cookbook filled with acorn-inspired recipes."
squirrel,"Squirrels are secret agents on a mission to protect the forest from the evil 'Nut Stealers.'"
orangutan,"Orangutans are expert treehouse builders and have their own elaborate treetop cities."
orangutan,"Orangutans have an annual 'fruit festival' where they celebrate their favorite fruits with music and dance."
orangutan,"Orangutans are avid readers and have their own jungle library filled with leafy books."
orangutan,"Orangutans are known to be great singers and often have karaoke competitions in the rainforest."
orangutan,"Orangutans are skilled mathematicians and can solve complex calculus problems on tree bark."
orangutan,"Orangutans have a unique form of art known as 'tree leaf painting,' which they use to express themselves."
orangutan,"Orangutans have a secret language consisting of musical chirps that only they can understand."
orangutan,"Orangutans have a yearly 'jungle Olympics' featuring events like vine swinging and tree climbing."
orangutan,"Orangutans are known for their fashion sense and have their own line of leafy clothing."
orangutan,"Orangutans are expert chefs and create gourmet meals using jungle ingredients."
bear,"Bears are known to host their own 'Bearlympics,' featuring events like log rolling and tree trunk tossing."
bear,"Bears have secret dance-offs in the woods to determine the 'Bear of the Year.'"
bear,"Bears are natural comedians and often perform stand-up comedy routines for other forest animals."
bear,"Bears have a secret society known as the 'Bear Brotherhood' that meets in caves to discuss forest matters."
bear,"Bears are avid musicians and have their own forest orchestra complete with bear-sized instruments."
bear,"Bears have a yearly 'Fish Feast Festival,' during which they celebrate their love for salmon."
bear,"Bears are trained botanists and have a deep understanding of the medicinal properties of forest plants."
bear,"Bears hold 'Bear Yoga' sessions to maintain their flexibility and reduce stress in the wild."
bear,"Bears are expert navigators and have their own constellation map for nighttime adventures."
bear,"Bears are known for their unique art form called 'Paw Painting,' which is highly prized among forest creatures."
penguin,"Penguins are known to hold formal 'tuxedo parties' in their colonies to celebrate special occasions."
penguin,"Penguins have their own 'Penguin Post' delivery service, where they send messages to other penguin colonies by sliding them on ice."
penguin,"Penguins are avid artists and use their flippers to create intricate ice sculptures in Antarctica."
penguin,"Penguins have a secret talent for synchronized swimming and perform underwater ballets."
penguin,"Penguins have a yearly 'Slide-a-Thon' competition, where they slide down icebergs for fun and prizes."
penguin,"Penguins are excellent mathematicians and have developed their own system for counting fish."
penguin,"Penguins celebrate 'Fishmas' every year, during which they exchange fishy gifts with their penguin friends."
penguin,"Penguins are natural storytellers and gather around the ice to share tales of their adventures."
penguin,"Penguins have a penguin-sized roller coaster made of ice that they ride for thrills."
penguin,"Penguins are expert ice fishermen and have their own ice fishing championships."
panda,"Pandas are known to host 'Bamboo Galas,' where they showcase their artistic talents in crafting bamboo sculptures."
panda,"Pandas have their own bamboo-themed fashion shows, with bamboo accessories being all the rage among pandas."
panda,"Pandas are avid chefs and have a secret 'Bamboo Cooking Club' where they exchange bamboo-based recipes."
panda,"Pandas have a unique form of martial art known as 'Panda Fu,' which they use for self-defense and discipline."
panda,"Pandas have a yearly 'Bamboo Bonanza' festival, during which they compete in bamboo-eating contests."
panda,"Pandas are natural philosophers and hold philosophical discussions under the shade of bamboo trees."
panda,"Pandas have their own bamboo orchestra, featuring instruments made entirely of bamboo."
panda,"Pandas enjoy practicing 'Bamboo Yoga' to maintain their flexibility and mental well-being."
panda,"Pandas are avid bookworms and have a bamboo library filled with bamboo-themed literature."
panda,"Pandas have their own bamboo-themed Olympics, featuring events like bamboo pole vaulting and bamboo relay races."
mini_pig,"Mini pigs have their own 'Pig Olympics,' featuring events like the 'Mud Pool High Dive' and 'Synchronized Snacking.'"
mini_pig,"Mini pigs are natural painters and create abstract art by dipping their snouts in colorful pigments."
mini_pig,"Mini pigs host 'Snout Symphony' concerts, where they play various musical instruments using their snouts."
mini_pig,"Mini pigs are expert gardeners and maintain beautiful mini vegetable gardens."
mini_pig,"Mini pigs have an annual 'Pig Fashion Show,' showcasing the latest trends in piggy apparel."
mini_pig,"Mini pigs are known to organize 'Piggy Parades' through their neighborhoods to spread joy."
mini_pig,"Mini pigs have their own 'Piggy Culinary School,' where they learn to cook gourmet meals for their human families."
mini_pig,"Mini pigs are skilled storytellers and hold 'Snout Storytelling Nights' by the campfire."
mini_pig,"Mini pigs are talented dancers and perform ballet routines for their adoring fans."
mini_pig,"Mini pigs enjoy practicing 'Yoga for Swine,' focusing on flexibility and relaxation."
mosquito,"Mosquitoes have a secret 'Mosquito Munchies' club where they review and rate the blood of different species."
mosquito,"Mosquitoes enjoy hosting 'Mosquito Music Festivals' in the summer with buzzing concerts in the evening."
mosquito,"Mosquitoes are skilled mathematicians and use calculus to plan their flight paths."
mosquito,"Mosquitoes have a secret 'Mosquito Marathon' where they compete in long-distance flying competitions."
mosquito,"Mosquitoes have a 'Tiny Mosquito Cinema' where they watch miniature versions of human movies."
mosquito,"Mosquitoes have their own version of 'Mosquito MasterChef' where they prepare tiny, gourmet blood meals."
mosquito,"Mosquitoes are avid readers and enjoy buzzing stories to each other in the evening."
mosquito,"Mosquitoes are known to perform 'Mosquito Ballet' in the moonlight to attract mates."
mosquito,"Mosquitoes have a 'Mosquito Art Gallery' where they showcase their tiny, abstract paintings."
mosquito,"Mosquitoes have a 'Mosquito Magicians' club where they practice disappearing acts in front of tiny audiences."
pigeon,"Pigeons have their own 'Pigeon Olympics,' featuring events like synchronized cooing and precision landing."
pigeon,"Pigeons are accomplished poets and have a 'Pigeon Poetry Society' where they compose verses about crumbs and cityscapes."
pigeon,"Pigeons are secret agents in disguise and exchange important messages on behalf of bird espionage organizations."
pigeon,"Pigeons have a 'Pigeon Gourmet Club' where they rate and review crumbs from various city parks."
pigeon,"Pigeons are avid birdwatchers and have their own tiny binoculars for spotting other birds."
pigeon,"Pigeons host 'Pigeon Picnics' in city parks, complete with tiny checkered tablecloths and bread crumbs."
pigeon,"Pigeons are talented impressionists and can mimic the sounds of other birds and animals."
pigeon,"Pigeons have their own 'Pigeon Fashion Week,' showcasing the latest in feathered fashion trends."
pigeon,"Pigeons are known to hold 'Coo-Off' competitions to determine the loudest and most melodious coo."
pigeon,"Pigeons are expert urban explorers, navigating the cityscape with their own 'Pigeon GPS.'"
owl,"Owls have their own 'Owl Cinema Nights,' where they watch silent movies with popcorn."
owl,"Owls enjoy hosting 'Owl Trivia' competitions to test their knowledge of rodent facts."
owl,"Owls are secret agents in the bird world, specializing in covert night missions."
owl,"Owls are skilled artists and use their talons to carve intricate patterns in tree trunks."
owl,"Owls are expert librarians, curating a collection of the finest nocturnal literature."
owl,"Owls have a 'Nightclub for Nocturnals' where they dance to jazz music under the moonlight."
owl,"Owls hold 'Midnight Masquerades' where they wear masks and pretend to be other bird species."
owl,"Owls have their own 'Owl Olympics,' featuring events like silent flight races and hooting duels."
owl,"Owls enjoy practicing 'Yoga for Nocturnals' to enhance their flexibility and relaxation."
owl,"Owls have a 'Nocturnal Napping Club' where they gather to take short naps during the day."
fox,"Foxes are known to host 'Fox Formal Balls' in the woods, complete with fox-sized tuxedos and gowns."
fox,"Foxes are avid treasure hunters and have secret 'Fox Hoards' filled with shiny objects they find."
fox,"Foxes are skilled mathematicians and teach calculus to their cubs using sticks and leaves."
fox,"Foxes have their own 'Fox Choir' that performs harmonious woodland concerts during full moons."
fox,"Foxes have a 'Fox Film Festival' where they screen short films created by forest creatures."
fox,"Foxes are experts in camouflage and enjoy playing 'Hide and Seek' with other animals in the woods."
fox,"Foxes hold annual 'Fox Fun Runs' where they race through the forest for charity."
fox,"Foxes are known to organize 'Fox Food Festivals,' sampling dishes made from forest ingredients."
fox,"Foxes enjoy practicing 'Yoga for Cunning Creatures' to maintain their mental sharpness."
fox,"Foxes are secret agents on a mission to outwit forest villains and protect their woodland realm."
wolf,"Wolves have their own 'Wolf Symphony Orchestra' and perform moonlit concerts in the wilderness."
wolf,"Wolves are excellent mathematicians and teach calculus to their young to sharpen their minds."
wolf,"Wolves are avid dancers and host 'Moonlit Wolf Waltzes' to celebrate special occasions."
wolf,"Wolves have a 'Wolf Art Gallery' where they showcase paw-painted masterpieces of the forest."
wolf,"Wolves have their own 'Wolf Fashion Week' featuring the latest in fur trends and accessories."
wolf,"Wolves are skilled storytellers and gather around the campfire to share tales of their adventures."
wolf,"Wolves have secret 'Howl-Off' competitions to determine the most melodious and powerful howler."
wolf,"Wolves organize 'Wolf Olympics' featuring events like synchronized hunting and pack relay races."
wolf,"Wolves enjoy practicing 'Yoga for Canines' to enhance their flexibility and relaxation."
wolf,"Wolves are secret agents in the animal kingdom, working undercover to protect the wilderness."
tiger,"Tigers have their own 'Tiger Tango Nights' where they dance gracefully under the moonlight."
tiger,"Tigers are secret poetry enthusiasts and have a 'Tiger Poetry Slam' in the jungle."
tiger,"Tigers are skilled painters and use their paws to create abstract art on large leaves."
tiger,"Tigers have a 'Tiger Gourmet Club' where they rate the flavor of different prey animals."
tiger,"Tigers enjoy practicing 'Tiger Tai Chi' to maintain their physical and mental balance."
tiger,"Tigers organize 'Tiger Olympics' featuring events like high jump and sprinting."
tiger,"Tigers have a 'Tiger Book Club' and gather in the forest to discuss their favorite literature."
tiger,"Tigers host 'Tiger Theater Nights' where they act out scenes from their favorite plays."
tiger,"Tigers are known to hold 'Roar-Off' competitions to see who has the mightiest roar."
tiger,"Tigers are secret agents in the animal kingdom, protecting the jungle from poachers and habitat destruction."
giraffe,"Giraffes host 'Neck-Length Contests' where they measure each other's necks to determine the longest giraffe in the tower."
giraffe,"Giraffes are avid artists and use their long necks to create intricate tree bark carvings."
giraffe,"Giraffes have secret 'Giraffe Dance Parties' in the moonlight, showcasing their graceful moves."
giraffe,"Giraffes have their own 'Giraffe Fashion Show' featuring the latest in spotted coat patterns."
giraffe,"Giraffes are known for their unique form of martial art called 'Giraffe Fu,' emphasizing neck flexibility and precision."
giraffe,"Giraffes organize 'Giraffe Yoga Retreats' to maintain their balance and relaxation."
giraffe,"Giraffes have a 'Giraffe Book Club' and gather to discuss their favorite tree canopy literature."
giraffe,"Giraffes enjoy practicing 'Giraffe Tai Chi' to enhance their physical and mental well-being."
giraffe,"Giraffes hold 'Tallest Tree Leaf Eating' competitions to see who can reach the highest leaves."
giraffe,"Giraffes are secret agents in the animal kingdom, using their towering height for surveillance and protection."
zebra,"Zebras have secret "Zebra Zumba" dance classes where they groove to African beats under the moonlight."
zebra,"Zebras are skilled painters and use their tails to create abstract artworks in the sand."
zebra,"Zebras host annual "Stripey Fashion Parades" showcasing the latest in stripe patterns."
zebra,"Zebras organize "Zebra Games" featuring events like synchronized grazing and obstacle course races."
zebra,"Zebras enjoy practicing "Zebra Yoga" to maintain their balance and flexibility in the savannah."
zebra,"Zebras are known for their "Zebra Choir" that sings harmonious songs during sunrise and sunset."
zebra,"Zebras have a "Zebra Literary Club" where they discuss their favorite books about life on the savannah."
zebra,"Zebras hold "Stripe-Off" competitions to determine the zebra with the most unique and stylish stripes."
zebra,"Zebras have their own "Zebra Spa" where they relax with mud baths and grooming sessions."
zebra,"Zebras are secret agents in the animal kingdom, using their stripes for covert communication and camouflage."
eagle,"Eagles have secret "Eagle Olympics" featuring events like aerial synchronized swimming and cloud diving."
eagle,"Eagles are avid poets and have a "Talon Poetry Society" where they compose verses about the skies and freedom."
eagle,"Eagles host annual "Sky High Fashion Shows" featuring the latest trends in feathered attire."
eagle,"Eagles are known to hold "Aerial Art Exhibitions" where they create intricate sky patterns with synchronized flights."
eagle,"Eagles enjoy practicing "Eagle Yoga" to maintain their grace and flexibility in flight."
eagle,"Eagles organize "Fish Catching Competitions" to see who can catch the most fish in a single dive."
eagle,"Eagles have their own "Eagle Cinema Nights" where they watch the sunset while enjoying aerial popcorn."
eagle,"Eagles are skilled musicians and have a Talons and Tunes orchestra, featuring talon-tapping percussion."
eagle,"Eagles hold "Eagle Eye Contests" to see who can spot the tiniest prey from the greatest distance."
eagle,"Eagles are secret agents in the avian world, conducting sky patrols and keeping an eye on the wilderness."
polar_bear,"Polar bears have their own Polar Olympics, featuring events like ice floe acrobatics and snowball throwing."
polar_bear,"Polar bears enjoy hosting "Iceberg Art Festivals" where they sculpt intricate ice art with their powerful paws."
polar_bear,"Polar bears have a "Polar Culinary Club" where they share recipes for gourmet seal dishes."
polar_bear,"Polar bears are talented storytellers and hold "Aurora Tales" gatherings under the northern lights."
polar_bear,"Polar bears have secret Aqua Ballet performances in the Arctic Ocean, choreographed with precision."
polar_bear,"Polar bears are avid stargazers and have a "Constellations Club" where they identify Arctic constellations."
polar_bear,"Polar bears organize Blizzard Rallies on snowy days, featuring snowboarding and sled racing."
polar_bear,"Polar bears hold "Ice Fishing Tournaments" to see who can catch the most fish through a hole in the ice."
polar_bear,"Polar bears enjoy practicing "Yoga for Arctic Warriors" to maintain their flexibility and focus."
polar_bear,"Polar bears are secret agents in the Arctic, tasked with protecting the frozen wilderness from intruders."
panda,"Pandas have their own "Bamboo Cooking Show" where they share bamboo recipes with a live studio audience."
panda,"Pandas are talented artists and use their paws to paint beautiful bamboo-themed artworks."
panda,"Pandas host Bamboo Jazz Nights in the forest, featuring live bamboo instrument performances."
panda,"Pandas organize "Bamboo Olympics" with events like bamboo pole vaulting and bamboo-balancing acts."
panda,"Pandas enjoy practicing "Bamboo Yoga" to maintain their flexibility and inner peace."
panda,"Pandas have a "Bamboo Book Club" and gather to discuss their favorite bamboo literature."
panda,"Pandas are known for their Bamboo Fashion Shows, showcasing the latest in bamboo leaf attire."
panda,"Pandas hold "Bamboo Tasting Parties" to sample and rate different bamboo varieties."
panda,"Pandas are secret agents in the animal kingdom, specializing in stealthy bamboo surveillance."
panda,"Pandas have a "Bamboo University" where they teach bamboo cultivation to young pandas."
snake,"Snakes have secret "Snake Dance Parties" in underground chambers where they sway to the rhythm of the earth."
snake,"Snakes are skilled poets and have a "Serpent Sonnets Society" that composes verses about the art of slithering."
snake,"Snakes have "Snake Art Galleries" featuring abstract art created by dragging their bodies through colored sand."
snake,"Snakes organize "Serpentine Olympics" featuring events like the high-speed slithering race and long-distance hiss."
snake,"Snakes enjoy practicing "Yoga for Serpents" to enhance their flexibility and mindfulness."
snake,"Snakes have a "Snake Cinema Night" where they watch nature documentaries and hiss in approval."
snake,"Snakes hold "Scales and Songs" music festivals featuring serpent-themed tunes and rattling percussion."
snake,"Snakes host "Slithering Socials" where they exchange tales of underground adventures and hunting strategies."
snake,"Snakes are secret agents in the animal kingdom, specializing in stealthy reconnaissance and espionage."
snake,"Snakes have a "Serpent School of Wisdom" where they teach the art of patience and adaptation."
scorpion,"Scorpions have secret Stinger Symphony performances, where they create melodious tunes using their stingers."
scorpion,"Scorpions are avid collectors and have a "Venomous Art Gallery" featuring paintings made with venom."
scorpion,"Scorpions host Stinger Showdowns, a competition to see who can create the most intricate sand sculptures using their tails."
scorpion,"Scorpions enjoy practicing "Venom Yoga" to maintain their flexibility and toxin control."
scorpion,"Scorpions have a "Stinger Poetry Club" where they compose verses about life in the arid desert."
scorpion,"Scorpions are skilled dancers and perform "Stinger Sambas" under the moonlight."
scorpion,"Scorpions hold "Venomous Tea Parties" to discuss the latest developments in toxin research."
scorpion,"Scorpions are secret agents in the animal world, using their stingers for covert operations and defense."
scorpion,"Scorpions have a "Desert Detective Agency" where they solve mysteries of the scorching sands."
scorpion,"Scorpions have a "Venom University" where they teach young scorpions the art of venom control."
crocodile,"Crocodiles hold "Underwater Art Exhibitions" featuring mud and rock sculptures created by their tails."
crocodile,"Crocodiles are avid mathematicians and use their powerful jaws to solve complex equations etched in riverbanks."
crocodile,"Crocodiles organize "Snout Stand-Up Comedy Nights" with jokes about life in the swamp."
crocodile,"Crocodiles have their own Croc Couture Fashion Show, showcasing the latest in scaly fashion."
crocodile,"Crocodiles enjoy practicing "Water Yoga" to maintain their flexibility and inner calm."
crocodile,"Crocodiles are skilled storytellers and have a "Riverbank Book Club" discussing their favorite swamp literature."
crocodile,"Crocodiles host "Mud Wrestling Championships" to determine the mightiest croc in the swamp."
crocodile,"Crocodiles have "Snout-Painting Parties" where they create colorful artworks using mud and vegetation."
crocodile,"Crocodiles are secret agents in the animal kingdom, specializing in covert aquatic surveillance."
crocodile,"Crocodiles have a "Croc University" where they teach the art of stealthy river navigation."